 Date,PEAK_HOUR,REAL_LOAD,AVG_TMPR,MIN_TMPR,MAX_TMPR,RAIN_AMT,CLD_AMT,SUN_HOUR,HOLIDAY_YN
2013.1.1,1,59796,-4.89,-9.174,-0.05,0,2.457,7.701,Y
2013.1.2,24,59173,-2.986,-7.223,2.674,0,0.103,8.803,N
2013.1.3,12,71768,-2.682,-7.027,1.591,0,4.689,5.652,N
2013.1.4,12,71697,-1.927,-5.512,1.149,0,5.111,3.068,N
2013.1.5,11,71845,-1.263,-4.408,1.866,0,6.06,4.227,N
2013.1.6,11,73012,-4.524,-6.952,-1.337,0,1.55,7.898,N
2013.1.7,11,73676,-4.878,-9.102,0.068,0,0.143,9.072,N
2013.1.8,11,65100,-1.797,-7.387,3.229,0,4.416,5.251,N
2013.1.9,24,61861,-3.591,-7.896,1.474,0,3.267,7.715,N
2013.1.10,11,74327,-6.199,-10.145,-1.517,0,1.55,8.663,N
2013.1.11,11,74357,-3.492,-7.462,0.647,0,5.983,3.947,N
2013.1.12,11,74212,-5.288,-8.102,-1.906,0,0.91,9.01,N
2013.1.13,11,74260,-4.293,-9.5,1.372,0,1.148,8.679,N
2013.1.14,11,74037,-2.044,-6.827,3.013,0,5.468,4.361,N
2013.1.15,24,66923,-8.457,-13.536,-2.841,0,3.168,7.047,N
2013.1.16,1,64446,-11.02,-15.224,-6.41,0,1.378,8.424,N
2013.1.17,12,75807,-6.856,-11.791,-1.271,0,0.312,9.229,N
2013.1.18,11,75265,-4.477,-8.577,-0.354,0,3.65,5.71,N
2013.1.19,11,74676,-4.028,-7.421,0.195,0,2.179,8.635,N
2013.1.20,11,74290,-5.334,-7.859,-1.651,0,2.517,7.247,N
2013.1.21,11,74570,-4.61,-7.935,-0.14,0,3.01,8.01,N
2013.1.22,12,65505,-2.648,-6.544,2.35,0,2.989,6.363,N
2013.1.23,1,62263,-1.853,-4.915,1.832,0,8.105,1.008,N
2013.1.24,11,74261,-5.401,-8.067,-2.246,0,2.855,6.979,N
2013.1.25,11,74933,-5.792,-9.393,-1.108,0,1.618,8.021,N
2013.1.26,11,74753,-5.739,-8.777,-1.521,0,0.511,9.01,N
2013.1.27,12,74796,-5.953,-9.091,-1.633,0,3.763,8.412,N
2013.1.28,11,73849,-4.851,-7.77,-0.358,0,4.79,7.055,N
2013.1.29,12,66813,-6.502,-9.091,-2.58,0,2.1,8.008,N
2013.1.30,24,64028,-7.474,-11.091,-2.975,0,0.865,9.243,N
2013.1.31,11,73772,-4.53,-10.683,0.574,0,1.703,7.638,N
2013.2.1,11,67396,0.648,-4.914,7.032,0,3.416,8.197,Y
2013.2.2,1,58340,2.691,-1.823,8.825,0,2.416,8.536,Y
2013.2.3,24,50796,2.704,-1.754,8.078,0,3.328,5.717,Y
2013.2.4,24,52817,3.18,-0.225,7.905,0,4.88,4.577,Y
2013.2.5,24,55570,2.732,-0.794,8.505,0,3.539,6.602,Y
2013.2.6,24,57142,3.155,-0.719,7.498,0,5.622,3.038,Y
2013.2.7,11,68498,2.875,-0.88,7.24,0,4.927,4.161,N
2013.2.8,11,68791,3.582,1.183,6.937,0,7.374,3,N
2013.2.9,11,67876,1.217,-2.084,5.332,0,2.373,8.36,N
2013.2.10,11,70087,-0.415,-3.354,3.61,0,5.958,1.768,N
2013.2.11,11,69597,-0.883,-4.397,4.414,0,3.279,6.944,N
2013.2.12,11,63786,-3.609,-6.686,0.752,0,1.245,8.459,N
2013.2.13,1,60087,-2.751,-7.455,2.476,0,4.66,6.413,N
2013.2.14,11,71002,-2.352,-4.993,0.751,0,6.205,1.335,N
2013.2.15,11,69913,-0.078,-4.969,5.562,0,0.148,9.603,N
2013.2.16,11,69763,1.637,-3.75,7.314,0,6.071,4.581,N
2013.2.17,11,68750,1.896,-0.396,4.647,4.361,7.33,1.96,N
2013.2.18,11,67796,2.537,-2.201,8.704,0,1.08,8.84,N
2013.2.19,11,61327,3.232,-1.566,9.442,0,4.475,7.959,N
2013.2.20,1,57482,5.898,-0.598,13.388,0,3.205,8.826,N
2013.2.21,11,65622,6.253,1.734,12.2,0,1.423,9.491,N
2013.2.22,10,64954,6.502,1.169,13.117,0,2.36,7.871,N
2013.2.23,10,64759,6.74,1.182,13.508,0,2.036,8.3,N
2013.2.24,10,63250,8.255,2.956,14.645,0,2.653,7.742,N
2013.2.25,11,64032,5.307,1.332,10.476,0,3.896,7.31,N
2013.2.26,11,58402,6.917,0.169,13.529,0,4.307,8.375,N
2013.2.27,24,55444,6.392,4.322,8.907,34.79,10,0,N
2013.2.28,11,65290,5.041,3.486,7.399,3.05,9.947,0,N
2013.3.1,24,60454,2.546,-0.711,5.942,3.12,7.261,1.055,Y
2013.3.2,11,66746,-0.042,-2.73,4.357,0,0.673,10.364,Y
2013.3.3,11,67310,-0.606,-4.505,4.323,0,0.477,10.4,N
2013.3.4,11,67320,1.338,-3.506,7.325,0,0.065,10.581,N
2013.3.5,11,61100,3.338,-1.696,8.853,0,4.127,6.127,N
2013.3.6,1,55736,5.209,1.649,10.197,0,6.741,4.962,N
2013.3.7,11,65700,3.582,0.258,7.978,0,0.928,10.15,N
2013.3.8,11,65497,3.179,-1.477,8.561,0,0.516,9.684,N
2013.3.9,11,66218,2.074,-0.801,6.318,0,1.175,9.038,N
2013.3.10,11,66221,2.879,-2.28,7.832,0,0.815,9.084,N
2013.3.11,10,64808,5.927,0.155,11.892,0,1.009,10.47,N
2013.3.12,11,57908,8.854,3.021,15.192,0,2.85,9.268,N
2013.3.13,23,53341,11.16,6.105,17.786,0,3.142,7.809,N
2013.3.14,11,62730,9.39,5.794,15.196,0,7.251,3.004,N
2013.3.15,20,64101,3.982,-0.868,8.795,0,4.059,8.42,N
2013.3.16,11,66162,1.078,-2.291,5.592,0,1.802,8.778,N
2013.3.17,11,65740,2.479,-2.308,8.453,0,0.081,11.201,N
2013.3.18,10,65019,6.669,-1.099,13.789,0,3.974,8.28,N
2013.3.19,11,57109,10.546,6.553,15.377,0,7.469,5.205,N
2013.3.20,23,53881,7.678,4.574,12.088,12.96,9.079,1.678,N
2013.3.21,11,61855,8.64,4.923,13.529,0,9.092,4.391,N
2013.3.22,11,64113,3.632,0.466,7.803,0,3.497,8.645,N
2013.3.23,11,65013,3.343,-1.579,8.875,0,0.854,11.233,N
2013.3.24,20,63658,4.811,1.146,10.226,2.951,5.451,6.999,N
2013.3.25,11,65326,3.458,0.622,7.614,0,1.464,10.495,N
2013.3.26,11,57412,4.215,-0.684,9.417,0,0.471,11.158,N
2013.3.27,23,53874,6.235,0.446,11.594,0,4.495,7.625,N
2013.3.28,11,62884,7.442,4.058,11.724,0,4.564,6.95,N
2013.3.29,11,63606,6.151,1.752,11.356,0,2.894,6.876,N
2013.3.30,10,61921,8.361,2.483,15.096,0,0.16,10.593,N
2013.3.31,10,60600,10.759,4.108,19.241,0,0.16,10.436,N
2013.4.1,11,59531,11.394,4.991,18.162,0,1.705,10.833,N
2013.4.2,11,55482,9.976,6.505,14.206,0,8.507,2.582,N
2013.4.3,23,52487,8.632,5.388,13.392,0,4.692,4.836,N
2013.4.4,20,60148,9.604,4.18,15.878,0,0.789,10.283,N
2013.4.5,10,59716,10.854,4.176,18.108,0,0,11.667,N
2013.4.6,11,60027,11.704,4.691,18.543,0,5.839,7.463,N
2013.4.7,11,61400,11.594,9.793,13.484,13.805,10,0,N
2013.4.8,11,59265,12.398,8.666,17.759,0,4.476,8.255,N
2013.4.9,23,54158,11.598,6.251,17.58,0,1.011,10.57,N
2013.4.10,23,51540,12.894,7.922,18.454,0,4.402,6.706,N
2013.4.11,20,59317,10.797,6.586,15.569,0,2.669,9.807,N
2013.4.12,10,59037,11.047,4.551,17.569,0,0,11.909,N
2013.4.13,11,58884,12.409,5.846,19.482,0,0,11.495,N
2013.4.14,11,58387,13.47,6.915,19.995,0,3.517,10.55,N
2013.4.15,11,58480,15.311,11.019,21.738,0,5.704,5.525,N
2013.4.16,11,53422,12.493,7.262,18.896,0,0.998,11.666,N
2013.4.17,23,51060,12.298,7.134,19.604,0,2.894,10.9,N
2013.4.18,11,60491,8.176,6.01,12.364,0,8.446,1.297,N
2013.4.19,11,59957,10.517,6.072,16.365,0,3.678,8.845,N
2013.4.20,11,58989,11.754,6.077,17.931,0,0.974,10.484,N
2013.4.21,20,58567,14.148,7.753,19.534,0,7.1,5.526,N
2013.4.22,11,61394,10.953,9.278,14.747,23.72,9.468,0,N
2013.4.23,23,54022,11.104,7.304,16.086,0,2.198,10.639,N
2013.4.24,23,51836,10.956,6.878,15.534,0,2.221,9.852,N
2013.4.25,20,58468,12.756,7.778,17.777,0,5.485,7.87,N
2013.4.26,11,61017,12.699,9.989,14.869,8.958,9.987,0.192,N
2013.4.27,11,59353,13.07,9.466,17.057,0,7.18,3.913,N
2013.4.28,11,58727,11.272,7.462,16.547,0,3.191,7.66,N
2013.4.29,11,58499,13.933,6.848,19.843,0,6.615,5.007,N
2013.4.30,11,53761,16.452,13.528,19.221,37.9,9.987,0.299,N
2013.5.1,23,49708,14.973,11.667,18.658,1.76,3.352,7.213,Y
2013.5.2,20,56616,15.585,10.276,21.992,0,4.321,9.168,Y
2013.5.3,21,57474,16.646,12.784,21.966,0,3.706,7.847,N
2013.5.4,11,57521,16.146,10.516,22.291,0,4.649,7.727,N
2013.5.5,23,53773,16.961,11.646,23.203,0,1.335,11.947,Y
2013.5.6,20,56584,15.819,12.192,19.182,0,8.219,0.196,Y
2013.5.7,11,53135,17.251,13.936,23.072,1.62,6.736,4.69,N
2013.5.8,23,48844,18.811,12.803,25.593,0,5.545,8.043,N
2013.5.9,17,57426,19.463,15.017,23.477,5.86,9.519,0.308,N
2013.5.10,21,54245,18.101,15.211,21.403,38.795,9.974,0.039,Y
2013.5.11,11,58425,16.181,14.284,18.594,38.66,9.048,0.24,Y
2013.5.12,15,57456,15.563,12.267,19.341,3.02,6.755,0.534,N
2013.5.13,11,56468,16.225,11.104,22.058,0,0.813,12.159,N
2013.5.14,11,52212,18.198,12.532,24.076,0,0.175,12.143,N
2013.5.15,21,49085,18.401,12.863,24.399,0,3.967,9.384,N
2013.5.16,17,56752,17.502,13.23,22.597,0,3.768,8.691,N
2013.5.17,21,57083,17.824,11.6,23.868,0,0.799,12.159,N
2013.5.18,15,57557,19.939,13.03,25.829,0,3.933,9.514,N
2013.5.19,17,58085,21.005,17.548,25.003,0,6.019,5.492,N
2013.5.20,15,59355,19.893,17.603,23.143,0,8.879,1.166,N
2013.5.21,12,54227,17.25,14.24,21.672,0,9.177,2.162,N
2013.5.22,21,49822,17.563,12.821,22.849,0,8.706,5.586,N
2013.5.23,15,57395,17.109,13.84,21.873,0,5.709,4.212,N
2013.5.24,15,58142,19.924,12.362,26.899,0,5.463,9.696,N
2013.5.25,15,58637,20.777,15.624,26.403,0,8.328,2.759,N
2013.5.26,15,58444,18.03,16.107,20.842,6.945,9.768,0.04,N
2013.5.27,17,58006,18.226,15.23,21.555,0,7.145,2.531,N
2013.5.28,12,53420,20.434,15.178,26.299,0,6.135,6.675,N
2013.5.29,21,50249,22.032,16.587,28.687,0,2.395,9.957,N
2013.5.30,15,59330,20.948,16.473,26.775,0,6.251,7.502,N
2013.5.31,17,58616,18.106,15.77,21.544,0,9.947,0.456,N
2013.6.1,11,57966,18.649,15.11,22.89,0,8.797,2.94,N
2013.6.2,17,58797,19.481,15.933,25.191,0,5.241,5.46,N
2013.6.3,15,58448,20.046,15.014,25.928,0,3.572,9.18,N
2013.6.4,12,53800,20.438,17.307,25.604,0,6.272,6.512,N
2013.6.5,21,49207,21.848,17.215,28.295,0,3.518,10.183,N
2013.6.6,21,53077,21.863,16.156,27.943,0,5.457,8.28,Y
2013.6.7,15,60236,22.105,16.84,28.042,0,3.719,8.981,Y
2013.6.8,15,61512,22.469,17.809,28.25,0,2.889,9.599,N
2013.6.9,16,60058,20.707,18.356,24.037,0,7.902,1.639,N
2013.6.10,15,61087,21.443,18.266,24.934,0,9.295,0.331,N
2013.6.11,15,56286,23.62,18.973,29.401,0,4.349,10.713,N
2013.6.12,21,51047,23.244,19.246,29.228,0,6.807,5.65,N
2013.6.13,15,61587,21.32,17.681,26.416,0,5.904,6.796,N
2013.6.14,15,62499,22.375,17.247,28.04,0,4.97,7.487,N
2013.6.15,15,63782,23.661,18.767,29.166,0,6.142,5.183,N
2013.6.16,15,64211,24.618,19.698,29.854,0,3.944,9.755,N
2013.6.17,15,64246,23.609,19.875,29.235,0,7.029,6.73,N
2013.6.18,12,57953,23.452,19.765,27.947,0,6.706,5.39,N
2013.6.19,21,52965,24.759,19.373,30.516,0,2.911,8.695,N
2013.6.20,15,66872,24.942,20.698,30.35,0,2.922,9.006,N
2013.6.21,17,66620,24.769,19.672,30.704,0,2.835,11.093,N
2013.6.22,15,65168,23.382,21.535,25.78,25.5,9.788,0.272,N
2013.6.23,15,65856,24.314,22.543,26.736,0,9.476,1.103,N
2013.6.24,15,63453,22.189,19.872,24.967,36.84,9.72,0.216,N
2013.6.25,12,56412,19.522,18.398,21.572,48.8,9.948,0.039,N
2013.6.26,21,50607,20.758,18.179,23.666,39.88,9.837,0.509,N
2013.6.27,17,60942,21.517,19.392,23.984,0,8.121,2.283,N
2013.6.28,17,64621,24.054,18.942,29.614,4.195,6.853,7.396,N
2013.6.29,15,64728,24.132,21.815,27.532,0,8.556,2.931,N
2013.6.30,15,65497,24.541,22.121,27.952,23.17,9.56,0.33,N
2013.7.1,15,66358,24.978,22.101,28.607,0,7.348,3.181,N
2013.7.2,15,59613,25.714,22.723,29.346,0,7.707,3.588,N
2013.7.3,21,53332,23.815,21.816,25.761,59.773,9.866,0,N
2013.7.4,15,64946,23.878,20.525,28.796,0,4.579,8.344,N
2013.7.5,15,66128,24.669,19.73,30.906,0,2.699,11.357,N
2013.7.6,15,65060,23.865,20.771,27.639,0,8.173,1.921,N
2013.7.7,15,64622,23.34,21.34,25.569,25.955,10,0.032,N
2013.7.8,15,64283,24.44,22.655,27.107,0,9.416,1.103,N
2013.7.9,12,58040,23.499,21.459,27.061,54.225,9.104,0.52,N
2013.7.10,21,53593,23.747,21.179,27.596,65.01,9.449,1.234,N
2013.7.11,15,64240,23.356,20.785,26.564,0,8.436,2.568,N
2013.7.12,15,65237,24.285,22.229,27.204,0,8.862,1.947,N
2013.7.13,15,65964,24.914,23.201,26.774,16.33,9.601,0,N
2013.7.14,15,66480,25.239,23.38,27.695,22.385,9.184,1.57,N
2013.7.15,15,67140,25.704,23.382,28.839,0,8.271,2.212,N
2013.7.16,12,61028,25.577,22.942,29.149,0,6.598,3.817,N
2013.7.17,21,56518,26.819,23.374,31.046,0,6.288,5.209,N
2013.7.18,15,70956,28.484,24.523,33.503,0,3.47,9.373,N
2013.7.19,15,71393,28.497,24.631,32.95,0,4.269,8.834,N
2013.7.20,15,70350,27.833,23.587,33.153,0,2.48,11.086,N
2013.7.21,15,69173,25.896,22.027,30.602,0,4.39,9.168,N
2013.7.22,15,66105,23.826,21.089,27.079,0,9.056,0.996,N
2013.7.23,15,61339,25.343,22.536,29.325,0,8.265,3.293,N
2013.7.24,21,55435,24.652,22.91,27.878,8.32,9.409,0.341,N
2013.7.25,15,67965,25.398,22.564,29.013,0,7.402,4.411,N
2013.7.26,15,68964,26.295,22.758,30.276,68.529,8.653,1.295,N
2013.7.27,15,67464,25.97,24.05,28.153,170.64,9.175,0.935,N
2013.7.28,15,67931,26.638,24.415,29.428,46.326,8.144,3.234,N
2013.7.29,15,68254,27.33,24.698,31.289,0,6.57,4.793,N
2013.7.30,12,58439,27.478,24.737,31.567,0,7.496,3.375,N
2013.7.31,21,54326,26.04,23.804,29.098,0,9.025,1.276,N
2013.8.1,15,57942,25.814,23.758,29.072,24.49,9.579,0.658,N
2013.8.2,15,59257,26.531,24.372,30.125,0,8.151,3.207,N
2013.8.3,15,61244,26.615,24.487,30.337,0,7.26,4.327,N
2013.8.4,15,65124,27.149,24.075,30.958,0,5.468,5.191,N
2013.8.5,15,67951,29.061,24.236,33.817,0,4.233,9.212,N
2013.8.6,15,61767,28.582,26.159,32.337,0,7.353,1.889,N
2013.8.7,21,57003,28.377,25.37,31.551,16.843,8.551,2.517,N
2013.8.8,15,66784,26.179,23.952,29.257,33.815,8.928,1.123,N
2013.8.9,15,67523,25.984,24.317,28.487,25.075,8.957,1.67,N
2013.8.10,15,69590,26.148,24.318,29.114,15.268,8.816,1.303,N
2013.8.11,15,71345,26.946,24.679,30.845,0,8.025,2.435,N
2013.8.12,15,69955,26.547,24.592,29.329,0,8.66,2.28,N
2013.8.13,12,60927,26.289,24.327,28.806,3.928,8.304,2.31,N
2013.8.14,21,55352,26.244,24.335,29.379,0,8.56,2.378,N
2013.8.15,21,59826,25.92,23.511,29.349,0,7.663,2.593,Y
2013.8.16,15,70346,26.498,24.448,29.243,0,8.712,1.456,Y
2013.8.17,15,69327,25.502,23.875,27.646,0,9.889,0.541,N
2013.8.18,15,69210,25.304,22.715,29.485,2.058,7.902,3.004,N
2013.8.19,15,67339,23.495,21.398,26.424,0,9.494,0.4,N
2013.8.20,12,57322,21.636,19.747,24.454,10.07,8.923,0.64,N
2013.8.21,21,53116,23.498,18.772,29.064,0,5.798,5.994,N
2013.8.22,15,64261,22.576,19.599,26.584,0,7.39,1.424,N
2013.8.23,15,65040,22.821,18.83,26.868,0,6.366,4.377,N
2013.8.24,15,65300,23.653,20.915,26.943,0,7.969,2.319,N
2013.8.25,15,66480,24.73,20.967,29.198,0,7.831,4.329,N
2013.8.26,15,66226,25.418,22.584,28.998,0,8.29,3.477,N
2013.8.27,12,60944,26.587,23.311,30.565,0,6.616,4.182,N
2013.8.28,21,57034,26.664,23.306,31.227,0,4.57,7.107,N
2013.8.29,15,70767,26.822,23.684,31.029,0,5.692,5.83,N
2013.8.30,15,71745,26.767,23.848,31.699,0,7.395,3.734,N
2013.8.31,15,72194,27.307,23.43,32.251,0,3.553,8.534,N
2013.9.1,15,70529,26.876,22.565,32.019,0,0.658,11.233,N
2013.9.2,15,71061,26.603,22.886,31.1,0,2.923,6.931,N
2013.9.3,15,61977,25.621,21.875,30.426,0,2.619,8.064,N
2013.9.4,20,54861,24.347,20.642,29.683,0,4.864,3.686,N
2013.9.5,15,66594,23.732,20.024,28.714,0,3.499,8.819,N
2013.9.6,15,66278,23.287,18.808,28.356,0,1.344,10.477,N
2013.9.7,15,64990,22.815,17.438,27.94,0,4.683,7.63,N
2013.9.8,15,64524,22.805,20.383,26.084,0,7.738,3.769,N
2013.9.9,11,62293,21.335,19.818,24.041,1.553,9.616,0.551,Y
2013.9.10,11,51803,20.611,18.327,23.96,0,9.6,0.48,Y
2013.9.11,20,45021,22.197,19.933,24.389,8.485,9.53,0.091,Y
2013.9.12,21,42993,24.416,21.534,28.685,2.063,8.413,2.999,Y
2013.9.13,20,48043,25.53,21.952,30.519,0,6.289,5.851,Y
2013.9.14,17,58754,25.729,22.806,30.199,0,4.058,6.265,Y
2013.9.15,15,67281,26.245,21.724,31.803,0,2.967,8.272,Y
2013.9.16,15,67405,26.518,22.32,31.771,0,3.894,7.458,N
2013.9.17,15,62936,26.281,22.779,31.023,0,6.244,4.533,N
2013.9.18,20,52738,22.262,19.364,26.741,0,8.766,2.122,N
2013.9.19,20,59227,18.234,16.424,20.373,0,8.975,0.266,N
2013.9.20,20,59172,18.054,14.672,22.338,0,6.062,3.879,N
2013.9.21,15,58737,18.423,13.627,23.952,0,3.014,7.695,N
2013.9.22,20,59707,18.287,12.479,24.647,0,0.478,10.943,N
2013.9.23,15,59500,19.475,13.598,26.022,0,0.26,11.128,N
2013.9.24,12,54366,20.011,14.651,26.35,0,1.696,9.454,N
2013.9.25,20,51479,20.148,15.005,26.359,0,2.544,9.16,N
2013.9.26,20,60018,20.623,14.878,27.258,0,0.749,10.913,N
2013.9.27,20,61003,20.875,14.62,27.943,0,0.786,10.305,N
2013.9.28,15,59963,20.177,16.96,24.049,0,7.299,0.677,N
2013.9.29,19,60274,18.423,16.856,20.55,13.59,9.475,0.076,N
2013.9.30,20,57516,16.933,12.57,21.067,0,4.525,8.315,N
2013.10.1,11,52404,14.2,9.454,19.573,0,3.43,10.101,N
2013.10.2,23,49454,14.098,10.542,18.991,0,4.62,6.802,N
2013.10.3,20,53024,14.25,8.351,21.048,0,2.054,10.217,Y
2013.10.4,19,59282,15.615,9.109,22.115,0,2.447,10.197,Y
2013.10.5,19,59182,16.983,13.452,22.739,0,5.396,5.146,N
2013.10.6,19,60086,16.971,12.377,22.111,0,2.923,7.427,N
2013.10.7,19,59674,15.985,10.682,22.121,0,0.168,10.506,N
2013.10.8,11,53737,16.575,10.829,23.382,0,0.016,10.207,N
2013.10.9,20,50842,17.193,11.953,23.444,0,4.769,5.038,N
2013.10.10,19,60712,17.982,12.967,24.305,0,4.076,7.497,N
2013.10.11,19,60691,17.453,13.459,23.775,0,1.94,8.319,N
2013.10.12,19,60476,16.271,11.115,21.256,0,6.961,.,N
2013.10.13,19,60907,18.196,13.036,25.083,0,3.491,9.338,N
2013.10.14,19,60044,15.222,13.57,16.928,12.67,9.181,0,N
2013.10.15,12,53962,15.451,12.803,19.695,0,7.139,2.675,N
2013.10.16,23,50957,15.771,11.839,20.933,0,2.371,8.04,N
2013.10.17,19,61107,13.502,9.028,18.268,0,0.459,10.187,N
2013.10.18,19,61448,11.232,5.385,17.928,0,0,10.527,N
2013.10.19,19,60644,14.028,6.38,21.659,0,2.141,9.085,N
2013.10.20,19,61343,16.431,11.754,21.959,0,5.94,7.523,N
2013.10.21,19,60554,16.98,13.564,20.194,0,8.845,2.443,N
2013.10.22,11,54621,16.091,13.877,19.832,0,6.474,2.87,N
2013.10.23,23,51428,15.93,11.82,20.576,0,7.026,3.467,N
2013.10.24,19,61578,13.792,10.046,16.647,1.755,8.944,0.018,N
2013.10.25,19,62575,9.007,5.356,13.66,0,0.6,9.878,N
2013.10.26,19,61599,9.984,3.222,16.795,0,1.528,9.883,N
2013.10.27,19,61921,12.861,6.513,20.064,0,3.664,9.014,N
2013.10.28,19,60753,14.786,10.491,20.624,0,5.145,7.372,N
2013.10.29,11,55053,13.843,11.634,16.549,0,9.043,0.665,N
2013.10.30,23,51704,15.006,11.507,19.959,0,4.269,5.53,N
2013.10.31,19,60913,14.983,9.204,21.778,0,4.087,7.789,N
2013.11.1,19,60289,16.676,10.776,23.118,0,4.222,9.12,N
2013.11.2,19,60192,17.208,14.536,21.921,0,7.258,3.715,N
2013.11.3,19,60915,18.328,13.125,24.949,0,3.467,7.328,N
2013.11.4,19,60326,19.672,16.012,24.121,0,7.444,4.72,N
2013.11.5,12,54200,19.752,17.11,24.578,17.325,8.718,3.356,N
2013.11.6,23,51533,16.253,14.448,19.801,10.435,9.156,0.523,N
2013.11.7,19,60706,16.079,13.905,20.166,0,7.944,2.852,N
2013.11.8,19,61174,15.127,12.516,18.724,0,8.258,2.396,N
2013.11.9,19,60409,14.736,12.934,17.935,0,8.07,2.593,N
2013.11.10,19,61125,14.353,11.675,17.354,0,8.372,2.128,N
2013.11.11,19,60197,13.333,11.425,16.71,2.138,7.856,1.181,N
2013.11.12,11,54054,12.977,9.701,17.257,0,4.69,5.444,N
2013.11.13,23,52104,12.353,8.287,17.124,0,4.122,5.812,N
2013.11.14,19,62271,8.515,5.288,13.456,0,0.055,9.52,N
2013.11.15,19,62550,8.471,4.385,13.911,0,0.874,9.206,N
2013.11.16,19,61292,10.856,4.768,16.871,0,4.072,7.922,N
2013.11.17,19,62286,13.333,9.567,16.289,0.689,8.583,0.636,N
2013.11.18,18,61210,15.308,12.353,17.816,16.93,9.644,1.362,N
2013.11.19,11,55031,13.085,6.939,17.695,6.444,6.182,3.011,N
2013.11.20,23,54654,3.335,0.518,7.019,0,1.173,9.2,N
2013.11.21,19,65357,3.045,-1.093,8.016,0,0.365,9.444,N
2013.11.22,18,65709,6.113,1.206,9.597,0,7.484,2.61,N
2013.11.23,18,66818,5.343,1.046,10.067,5.875,7.72,3.175,N
2013.11.24,18,67554,1.486,-1.85,5.302,0,1.907,9.112,N
2013.11.25,10,66512,3.89,-0.047,8.968,0,2.383,8.234,N
2013.11.26,11,58814,6.765,1.649,11.918,0,4.781,4.477,N
2013.11.27,1,54280,12.529,7.074,17.337,0,5.715,3.66,N
2013.11.28,11,62210,13.928,10.937,18.104,0,6.72,2.261,N
2013.11.29,18,63079,12.887,9.613,17.066,0,6.869,2.789,N
2013.11.30,15,64892,7.899,5.206,11.857,27.07,9.857,0.126,N
2013.12.1,18,65542,6.527,5.032,9.418,0,8.289,2.546,N
2013.12.2,11,65139,6.891,3.69,9.513,1.48,8.733,0.722,N
2013.12.3,11,57807,6.594,4.539,10.14,4.18,5.99,4.034,N
2013.12.4,24,55878,4.902,1.617,8.932,0,4.194,5.77,N
2013.12.5,18,67115,3.695,-0.544,8.396,0,4.24,8.002,N
2013.12.6,11,67180,5.464,2.99,9.437,0,7.434,.,N
2013.12.7,11,66500,5.954,3.662,8.657,0,9.283,.,N
2013.12.8,18,68671,2.931,-1.174,6.714,0,6.41,.,N
2013.12.9,11,69410,-0.733,-2.659,2.952,0,4.696,.,N
2013.12.10,11,61464,-0.158,-3.686,3.823,0,4.219,.,N
2013.12.11,1,57849,3.783,-0.073,7.299,0,6.234,.,N
2013.12.12,18,67595,4.95,1.272,8.886,0,4.542,5.742,N
2013.12.13,10,69017,3.706,-1.557,10.321,0,1.498,8.717,N
2013.12.14,10,68985,4.649,-0.057,9.841,0,4.402,4.675,N
2013.12.15,18,71214,-0.573,-4.003,3.803,0,3.205,7.776,N
2013.12.16,11,72352,-4.253,-6.632,-0.826,0,1.758,8.413,N
2013.12.17,11,64187,-3.481,-7.81,1.095,0,2.612,8.819,N
2013.12.18,24,60134,-0.469,-3.389,3.728,0,4.25,5.768,N
2013.12.19,11,71849,-0.528,-4.654,4.17,0,1.165,7.871,N
2013.12.20,10,71573,1.005,-3.656,5.359,0,3.906,7.071,N
2013.12.21,11,70774,3.257,0.166,6.918,0,7.781,2.22,N
2013.12.22,18,71790,-2.199,-6.457,3.28,0,2.156,8.176,N
2013.12.23,11,72524,-3.888,-8.318,0.857,0,1.819,8.502,N
2013.12.24,1,63489,-3.016,-5.903,0.355,0,1.943,8.401,Y
2013.12.25,24,60765,-4.384,-7.504,-0.47,0,0.519,9.008,Y
2013.12.26,11,73529,-4.672,-8.055,-0.464,0,0.273,9.005,Y
2013.12.27,11,73222,-2.178,-7.141,3.806,0,1.591,8.389,N
2013.12.28,11,72257,0.638,-3.555,5.314,0,4.833,5.104,N
2013.12.29,11,69831,0.718,-2.677,5.123,0,2.901,7.601,N
2013.12.30,11,69353,-0.837,-4.785,4.645,0,1.059,7.017,N
2013.12.31,1,60312,-0.023,-4.698,3.976,0,5.252,5.053,N
2014.1.1,24,58124,-0.622,-4.794,3.054,0.505,5.912,2.887,Y
2014.1.2,11,70416,-2.54,-6.453,2.092,0,3.55,6.603,Y
2014.1.3,11,73440,-2.071,-4.705,1.979,0,7.023,3.117,N
2014.1.4,11,74294,-4.596,-6.639,-1.708,0,3.118,7.315,N
2014.1.5,11,73876,-3.609,-7.37,1.33,0,1.035,8.521,N
2014.1.6,11,73585,-1.384,-5.256,3.605,0,2.374,8.06,N
2014.1.7,11,64570,-1.812,-6.612,4.266,0,0,8.807,N
2014.1.8,1,61089,-0.745,-5.173,4.102,0,4.517,5.332,N
2014.1.9,11,73388,0.913,-1.786,4.66,0,4.683,4.381,N
2014.1.10,11,72916,0.159,-2.913,4.199,0,3.367,7.28,N
2014.1.11,11,73616,-3.142,-6.24,-0.187,0,1.33,8.481,N
2014.1.12,11,74088,-2.928,-8.291,1.796,0,3.422,7.239,N
2014.1.13,11,73119,0.157,-3.514,4.975,0,3.84,5.76,N
2014.1.14,11,63746,-0.061,-4.428,4.87,0,2.934,8.896,N
2014.1.15,24,60377,-0.16,-2.434,3.038,0,6.484,3.813,N
2014.1.16,11,73060,2.416,-2.299,7.724,0,4.954,5.355,N
2014.1.17,11,71552,4.23,0.827,9.374,0,5.952,3.682,N
2014.1.18,11,71492,3.392,0.098,7.181,0,6.116,3.52,N
2014.1.19,11,70912,5.776,2.934,8.156,2.485,9.688,0.12,N
2014.1.20,11,67730,6.661,4.74,9.485,0,9.635,0.988,N
2014.1.21,1,58618,4.302,0.998,7.716,1.005,8.662,0.783,N
2014.1.22,1,54550,-2.955,-7.354,1.919,0,3.446,8.248,Y
2014.1.23,24,53318,-6.863,-9.799,-2.78,0,0.752,9.327,Y
2014.1.24,24,56051,-5.461,-9.581,-1.11,0,2.503,8.449,Y
2014.1.25,11,65259,-5.721,-8.508,-2.401,0,1.474,9.042,N
2014.1.26,11,72464,-2.272,-8.659,3.225,0,3.129,7.749,N
2014.1.27,11,73036,1.159,-2.921,6.913,0,4.23,5.088,N
2014.1.28,11,63016,0.932,-2.661,6.001,0,5.098,7.5,N
2014.1.29,24,60436,-0.225,-3.544,4.737,0,1.559,8.398,N
2014.1.30,11,73256,-2.628,-5.72,2.204,0,0.866,9.383,N
2014.1.31,11,73489,-1.733,-6.958,2.916,2.69,6.039,3.622,N
2014.2.1,11,74741,-7.396,-10.765,-1.956,0,1.968,9.098,N
2014.2.2,11,77192,-10.568,-13.751,-6.564,0,1.12,9.331,N
2014.2.3,11,76882,-6.429,-12.263,-1.012,0,2.285,9.367,N
2014.2.4,1,65486,-1.311,-5.287,3.76,0,3.249,8.441,N
2014.2.5,1,61327,0.465,-3.173,5.678,0,5.578,4.518,N
2014.2.6,11,74146,2.047,-2.229,7.005,0,8.349,2.389,N
2014.2.7,11,74424,-4.648,-8.948,2.276,0,2.087,8.814,N
2014.2.8,11,77010,-6.309,-10.524,-1.694,0,2.602,8.378,N
2014.2.9,11,75729,-2.731,-7.284,1.401,0,4.399,8.859,N
2014.2.10,11,73664,-1.23,-4.803,3.497,0,4.527,6.353,N
2014.2.11,1,64071,-1.877,-6.707,3.433,0,0.04,9.982,N
2014.2.12,1,60365,1.003,-5.024,6.56,0,4.434,9.004,N
2014.2.13,11,73532,3.26,0.838,6.734,0,7.317,2.256,N
2014.2.14,11,72029,4.128,0.922,8.946,0,6.044,4.664,N
2014.2.15,11,71328,1.983,-0.647,6.579,0,6.479,6.829,N
2014.2.16,11,70976,-0.025,-3.365,4.862,0,2.81,9.645,N
2014.2.17,11,72577,-3.929,-6.364,-0.064,0,2.017,9.124,N
2014.2.18,11,64121,-4.915,-8.226,-0.312,0,1,9.894,N
2014.2.19,1,60733,-2.852,-7.982,3.043,0,0.38,10.265,N
2014.2.20,11,72920,0.643,-5.836,7.041,0,1.128,9.721,N
2014.2.21,11,72002,2.225,-1.559,6.324,0,6.678,0.928,N
2014.2.22,11,70636,5.983,0.283,11.263,0,7.051,5.195,N
2014.2.23,11,69005,6.301,2.984,10.646,0,6.894,6.6,N
2014.2.24,11,68640,5.323,1.519,9.994,0,7.282,4.216,N
2014.2.25,24,60731,.,-0.436,5.93,0,.,.,N
2014.2.26,24,58687,0.172,-2.322,4.72,0,5.056,4.238,N
2014.2.27,11,70783,0.843,-4.695,7.106,0,0.544,10.473,N
2014.2.28,11,70913,2.908,-1.775,7.28,0,6.546,1.439,N
2014.3.1,11,68525,6.049,-0.307,12.442,0,4.078,7.667,N
2014.3.2,23,59676,8.755,3.606,14.749,0,6.392,6.293,Y
2014.3.3,11,65461,7.094,5.647,9.116,0.742,9.16,0.84,N
2014.3.4,24,57884,7.415,3.775,12.41,0,6.495,6.712,N
2014.3.5,23,55923,6.399,3.856,9.501,3.09,9.03,0.641,N
2014.3.6,11,67475,5.815,4.03,8.045,12.085,10,0,N
2014.3.7,11,68119,5.021,2.936,7.674,5.5,8.285,2.092,N
2014.3.8,10,67480,4.71,1.042,9.461,0,6.346,5.633,N
2014.3.9,10,67407,4.366,1.232,8.999,0,6.369,5.027,N
2014.3.10,11,67403,4.844,-0.18,11.003,0,5.828,7.041,N
2014.3.11,11,59193,5.129,2.112,10.354,0,6.198,6.743,N
2014.3.12,24,58214,-0.05,-3.097,3.329,0,2.635,10.329,N
2014.3.13,11,69180,-0.139,-4.572,5.365,0,0.156,11.109,N
2014.3.14,11,68803,2.559,-2.814,8.479,0,0.384,9.982,N
2014.3.15,10,67941,5.103,0.275,9.857,0,3.835,5.689,N
2014.3.16,10,66662,7.272,1.336,13.376,0,2.451,10.171,N
2014.3.17,11,65949,8.239,6.023,11.886,4.325,9.749,0.026,N
2014.3.18,11,58487,10.278,7.68,14.657,1.66,9.004,2.957,N
2014.3.19,23,55516,8.324,3.867,13.225,0,5.821,5.809,N
2014.3.20,11,65929,4.57,0.924,9.308,0,2.789,8.643,N
2014.3.21,10,65917,4.583,-0.461,10.146,0,1.179,11.083,N
2014.3.22,10,65554,5.872,0.12,12.418,0,0.712,10.989,N
2014.3.23,11,66314,7.209,3.946,10.103,6.845,8.981,0.949,N
2014.3.24,11,65916,6.314,4.088,9.004,19.55,10,0,N
2014.3.25,24,58455,4.903,2.525,9.022,0,4.3,7.996,N
2014.3.26,23,55600,4.52,1.579,9.068,0,1.598,10.645,N
2014.3.27,11,65406,.,.,.,0,.,.,N
2014.3.28,11,64637,8.278,1.402,14.313,0,2.6,8.384,N
2014.3.29,10,63128,11.201,6.952,17.779,0,2.471,9.426,N
2014.3.30,10,61505,12.603,5.373,18.125,0,5.388,6.768,N
2014.3.31,11,62545,11.37,7.675,14.372,26.57,9.616,0,N
2014.4.1,24,55993,6.999,3.528,11.679,0,2.847,10.369,N
2014.4.2,23,53824,5.981,0.89,11.655,0,0,11.139,N
2014.4.3,11,62058,10.447,3.701,16.441,10.09,7.212,4.355,N
2014.4.4,11,65290,7.041,2.782,12.721,23.83,6.078,4.545,N
2014.4.5,10,63184,8.669,2.299,14.903,0,0.909,10.718,N
2014.4.6,20,61447,8.629,4.505,14.375,0,0.712,11.581,N
2014.4.7,11,62999,6.902,2.941,12.24,0,1.321,10.041,N
2014.4.8,11,56470,7.405,1.446,14.198,0,0,11.9,N
2014.4.9,23,52545,13.084,5.418,19.632,0,1.774,10.605,N
2014.4.10,11,59632,16.475,12.517,22.362,0,4.037,7.954,N
2014.4.11,11,60684,14.438,12.374,17.432,7.16,9.498,0.044,N
2014.4.12,11,57192,13.35,9.277,18.414,3.298,6.576,4.543,Y
2014.4.13,20,60318,11.104,6.166,16.231,0,4.637,7.865,N
2014.4.14,11,60851,11.028,8.377,15.162,0,9.252,0.543,N
2014.4.15,11,54323,12.816,7.369,19.083,0,3.438,10.074,N
2014.4.16,23,51032,15.256,9.031,22.819,0,3.984,10.371,N
2014.4.17,20,59317,14.209,8.959,21.184,0,2.344,9.518,N
2014.4.18,20,59495,13.649,7.557,20.132,0,0.336,11.957,N
2014.4.19,11,59510,15.13,8.72,21.731,0,5.162,9.097,N
2014.4.20,20,59736,15.481,11.541,21.163,0,7.769,4.469,N
2014.4.21,11,59499,16.392,12.605,21.229,0,8.011,5.425,N
2014.4.22,12,56020,12.804,10.909,15.879,51.48,9.96,0,N
2014.4.23,23,51897,11.781,9.823,15.373,6.18,7.625,2.812,N
2014.4.24,11,59092,15.371,9.684,21.297,0,4.064,5.597,N
2014.4.25,20,59300,19.844,12.879,27.185,0,4.502,9.947,N
2014.4.26,15,60184,15.357,11.122,19.897,26.375,9.859,0,N
2014.4.27,20,58571,13.556,9.454,18.519,0,2.013,12.486,N
2014.4.28,11,58227,15.653,7.844,23.127,0,0.72,12.244,N
2014.4.29,11,52289,.,.,.,0,.,.,N
2014.4.30,21,50060,18.382,13.448,23.108,0,7.702,3.921,N
2014.5.1,17,57303,20.55,14.957,25.415,0,3.968,8.595,N
2014.5.2,21,53469,20.576,16.688,25.026,0,8.278,3.251,Y
2014.5.3,15,60475,20.67,17.752,25.518,1.07,6.134,4.849,N
2014.5.4,15,60003,18.907,15.876,24.312,0,4.477,8.065,N
2014.5.5,15,59836,19.868,14.171,25.849,0,0.251,12.298,N
2014.5.6,21,51023,20.227,14.692,26.378,0,2.581,11.422,Y
2014.5.7,21,49265,19.105,13.586,25.313,0,0.982,11.724,N
2014.5.8,15,58783,19.643,13.289,26.794,0,2.497,10.118,N
2014.5.9,15,59726,20.363,14.552,27.735,0,5.866,7.939,N
2014.5.10,15,60819,20.124,15.159,27.05,0,1.049,10.265,N
2014.5.11,15,60659,18.411,14.448,24.317,0,4.358,7.778,N
2014.5.12,17,59389,15.625,13.219,18.942,0,8.784,1.101,N
2014.5.13,11,53474,16.62,12.818,21.339,0,5.994,6.471,N
2014.5.14,21,50870,18.095,13.99,23.173,0,7.691,5.046,N
2014.5.15,15,60105,16.247,15.35,17.468,13.335,9.956,0.013,N
2014.5.16,15,59545,18.162,14.273,23.771,1.57,5.728,9.807,N
2014.5.17,15,59297,17.972,13.58,23.61,0,5.009,8.801,N
2014.5.18,11,59354,17.393,13.81,22.075,0,4.002,9.184,N
2014.5.19,12,58805,18.216,11.836,24.766,0,1.762,12.183,N
2014.5.20,12,54050,19.218,13.396,24.971,0,5.522,7.896,N
2014.5.21,21,51396,20.803,14.173,27.758,0,1.215,12.219,N
2014.5.22,15,61023,21.939,15.865,28.076,0,0.321,12.373,N
2014.5.23,15,62437,22.325,16.389,28.516,0,2.907,12.298,N
2014.5.24,15,62453,22.192,17.374,28.65,0,4.164,9.856,N
2014.5.25,15,61952,20.674,17.275,25.619,0,7.862,3.305,N
2014.5.26,15,61721,20.764,16.905,26.326,0,5.466,8.866,N
2014.5.27,12,54131,20.961,15.079,27.366,0,3.506,10.07,N
2014.5.28,21,50165,21.273,16.348,26.989,0,2.919,8.163,N
2014.5.29,21,53876,21.368,16.829,26.907,0,5.482,5.728,Y
2014.5.30,15,61943,21.778,17.3,27.08,0,5.269,6.374,N
2014.5.31,15,61787,20.214,18.336,23.145,0.368,9.296,1.128,N
2014.6.1,15,62571,20.675,16.68,26.576,0,4.535,7.505,N
2014.6.2,15,62831,21.169,15.939,26.816,0,6.315,7.008,N
2014.6.3,12,56122,21.792,18.173,28.044,0,6.617,6.306,N
2014.6.4,21,51865,22.466,16.576,28.708,0,2.316,12.366,N
2014.6.5,15,63266,23.143,17.882,28.431,0,5.711,8.705,N
2014.6.6,15,65178,23.491,20.019,28.671,0,5.278,10.222,N
2014.6.7,15,59139,23.281,19.706,28.478,0,7.352,6.712,Y
2014.6.8,15,65410,23.422,19.172,29.213,0,5.872,7.048,N
2014.6.9,15,64636,21.225,19.103,24.722,7.309,9.047,1.004,N
2014.6.10,15,57383,23.116,18.748,28.479,0,6.453,7.178,N
2014.6.11,21,52585,23.574,19.627,28.886,0,5.152,9.779,N
2014.6.12,15,65482,22.731,19.67,27.049,0,7.419,4.363,N
2014.6.13,15,66286,23.067,19.383,29.138,0,6.331,8.442,N
2014.6.14,15,65590,22.762,18.662,28.114,0,5.488,7.013,N
2014.6.15,15,65846,23.315,18.642,29.011,0,4.761,9.087,N
2014.6.16,15,65428,22.015,19.702,25.214,0,8.047,2.339,N
2014.6.17,12,58330,23.105,19.123,28.764,0,5.289,9.92,N
2014.6.18,21,53298,23.939,19.024,29.376,0,4.696,10.333,N
2014.6.19,15,66205,23.397,19.727,27.752,0,8.557,3.898,N
2014.6.20,15,66982,24.358,20.205,30.618,0,5.598,7.777,N
2014.6.21,15,67009,24.108,20.406,28.914,0,4.836,7.987,N
2014.6.22,17,66934,24.922,20.454,31.097,0,3.92,10.087,N
2014.6.23,15,66429,24.351,20.287,29.607,0,4.676,7.411,N
2014.6.24,15,60035,25.179,20.897,30.708,0,5.073,6.766,N
2014.6.25,21,54183,25.202,22.217,29.231,0,7.108,2.703,N
2014.6.26,15,66791,24.471,20.311,29.954,0,4.323,10.057,N
2014.6.27,15,65382,22.968,19.716,27.576,0,6.863,7.278,N
2014.6.28,15,65558,22.855,19.096,27.262,0,5.949,6.204,N
2014.6.29,15,65842,24.332,19.729,29.312,0,6.615,7.069,N
2014.6.30,15,67390,24.743,21.094,30.062,9.078,8.798,4.511,N
2014.7.1,12,59230,23.156,21.096,25.144,41.246,9.974,0.04,N
2014.7.2,21,53160,23.269,20.683,27.595,0,8.033,3.863,N
2014.7.3,15,65642,24.585,21.486,29.687,0,7.309,7.44,N
2014.7.4,15,66433,24.443,21.119,28.21,0,7.86,6.172,N
2014.7.5,15,67858,25.344,22.987,28.81,0,8.442,4.251,N
2014.7.6,15,66378,23.696,22.112,25.949,46.749,9.964,0.364,N
2014.7.7,15,65582,22.823,20.715,24.518,66.24,9.664,0.124,N
2014.7.8,12,57899,23.899,19.608,29.192,0,4.949,8.551,N
2014.7.9,21,54057,25.199,21.091,30.287,0,3.106,11.297,N
2014.7.10,17,68751,25.824,21.42,30.959,0,5.914,7.467,N
2014.7.11,15,67961,25.233,21.86,28.712,6.997,8.614,2.614,N
2014.7.12,15,67862,24.038,22.094,26.577,39.18,9.219,0.714,N
2014.7.13,15,67740,25.247,21.884,29.112,0,8.766,2.909,N
2014.7.14,15,68543,25.704,22.146,29.275,41.299,9.211,2.576,N
2014.7.15,12,59922,23.455,21.109,26.403,31.436,10,0.341,N
2014.7.16,21,53714,22.153,20.282,24.36,71.309,9.91,0.413,N
2014.7.17,15,64442,23.036,20.465,26.339,0,9.315,1.366,N
2014.7.18,15,66197,24.461,21.712,27.24,5.283,9.41,0.475,N
2014.7.19,15,68952,.,.,.,0,.,.,N
2014.7.20,15,67871,25.467,23.541,28.377,36.279,8.948,3.032,N
2014.7.21,15,69021,26.354,23.361,30.221,0,6.291,8.183,N
2014.7.22,15,62512,27.232,24.045,31.399,0,5.883,8.029,N
2014.7.23,21,57900,27.051,24.163,30.524,0,7.749,4.958,N
2014.7.24,15,72595,28.049,25.313,31.383,0,7.214,5.48,N
2014.7.25,15,74653,28.558,25.341,32.829,0,5.572,10.024,N
2014.7.26,15,75404,28.662,25.039,32.682,0,4.576,10.604,N
2014.7.27,15,75780,28.803,24.882,33.259,0,3.16,12.161,N
2014.7.28,12,72704,28.68,25.331,33.122,0,4.675,9.985,N
2014.7.29,15,64680,29.207,25.523,33.854,0,3.685,10.642,N
2014.7.30,21,60779,29.531,26.219,33.852,0,4.033,11.187,N
2014.7.31,15,69856,29.273,24.858,33.201,0,5.289,9.127,N
2014.8.1,15,70763,29.765,26.418,34.07,0,4.447,9.393,N
2014.8.2,15,68525,30.693,26.124,35.58,0,3.636,11.585,N
2014.8.3,15,67314,30.407,26.925,34.735,0,4.963,10.282,N
2014.8.4,15,63936,30.694,27.025,35.003,0,3.08,12.766,N
2014.8.5,21,59636,30.854,27.077,35.582,0,2.268,11.784,N
2014.8.6,21,60530,31.112,26.435,36.324,0,2.52,11.788,N
2014.8.7,15,76941,30.733,26.9,35.51,0,3.293,10.371,N
2014.8.8,15,77403,29.721,26.097,34.22,0,3.437,10.167,N
2014.8.9,15,75757,28.727,24.705,33.429,0,5.798,10.19,N
2014.8.10,15,76160,28.662,25.341,33.093,0,6.815,7.167,N
2014.8.11,12,73238,26.784,24.789,29.392,5.011,9.197,1.008,N
2014.8.12,15,63524,28.029,24.072,32.531,0,6.271,6.499,N
2014.8.13,21,57960,26.753,24.217,29.825,0,9.224,2.945,N
2014.8.14,15,72050,26.38,23.523,29.75,17.873,8.432,2.626,N
2014.8.15,15,71968,26.398,23.498,30.203,0,7.76,4.568,N
2014.8.16,12,62387,26.188,23.87,29.315,74.659,9.766,1.959,Y
2014.8.17,15,72251,26.558,23.957,29.677,0,7.938,4.224,N
2014.8.18,15,73825,27.985,24.378,32.866,0.795,6.928,7.15,N
2014.8.19,12,63768,28.205,25.907,31.07,0,8.076,4.242,N
2014.8.20,21,59360,28.719,26.428,32.286,0,7.946,5.331,N
2014.8.21,15,73709,26.993,25.388,29.013,0,9.43,1.428,N
2014.8.22,15,73572,26.876,24.55,31.056,62.131,8.152,5.404,N
2014.8.23,12,68327,23.439,21.601,25.983,26.497,9.474,0.039,N
2014.8.24,15,67110,22.809,20.955,25.114,28.017,9.296,0.72,N
2014.8.25,15,65838,22.911,21.21,25.146,21.139,9.662,0.04,N
2014.8.26,15,60599,26.224,22.488,30.849,0,7.548,5.195,N
2014.8.27,21,58068,27.964,24.015,32.902,0,4.275,8.325,N
2014.8.28,15,72696,28.233,24.94,31.954,0,6.742,6.329,N
2014.8.29,15,67435,26.006,23.008,29.2,23.822,9.847,0.444,N
2014.8.30,15,70270,26.479,23.192,30.095,0,7.878,6.92,N
2014.8.31,12,66904,22.525,19.84,25.866,50.864,9.608,0.197,N
2014.9.1,15,66198,23.63,19.125,28.322,0,3.717,10.387,N
2014.9.2,15,58196,24.439,21.068,29.24,0,6.384,7.573,N
2014.9.3,20,54602,24.786,21.119,29.362,0,4.624,8.187,N
2014.9.4,15,67693,24.993,21.729,29.264,0,5.604,5.872,N
2014.9.5,15,66324,23.433,20.726,26.627,0,8.747,2.863,N
2014.9.6,15,65566,23.39,19.627,27.802,9.742,5.268,8.519,N
2014.9.7,15,64096,22.262,17.454,27.551,0,0.392,11.758,N
2014.9.8,15,64860,23.121,17.744,28.019,0,5.959,8.056,N
2014.9.9,12,56953,22.093,19.143,25.982,35.786,8.152,4.653,N
2014.9.10,20,52607,20.613,18.064,23.566,0,9.296,1.813,N
2014.9.11,15,63382,22.252,18.052,27.301,0,5.086,8.013,N
2014.9.12,15,63690,22.448,17.882,27.489,0,3.026,10.295,N
2014.9.13,15,63598,22.149,18.636,26.281,0,7.214,4.413,N
2014.9.14,15,63730,21.592,19.679,23.786,14.263,9.47,1.303,N
2014.9.15,11,61461,19.96,18.02,22.098,6.84,9.508,0.866,N
2014.9.16,12,55814,20.38,17.295,23.874,0,9.118,3.632,N
2014.9.17,20,52053,19.535,17.838,21.34,34.112,9.76,0,N
2014.9.18,11,60517,18.766,17.417,20.528,70.027,9.72,0.026,N
2014.9.19,15,61632,21.166,17.956,25.342,0,6.645,7.822,N
2014.9.20,15,61552,20.802,17.419,25.593,0,3.478,9.498,N
2014.9.21,20,61933,20.242,15.929,25.36,0,3.352,8.916,N
2014.9.22,15,61504,20.203,16.453,25.081,0,4.383,6.867,N
2014.9.23,12,56074,20.788,15.685,26.433,0,4.53,9.159,N
2014.9.24,20,52648,21.073,16.43,26.633,0,1.266,10.901,N
2014.9.25,15,61955,21.067,16.082,27.174,0,1.028,11.103,N
2014.9.26,15,61999,21.197,16.287,27.133,0,0.687,11.046,N
2014.9.27,15,61849,20.711,16.22,25.499,0,6.283,7.394,N
2014.9.28,15,60988,20.34,17.405,24.412,0,6.705,3.449,N
2014.9.29,11,58686,19.409,16.067,24.016,0,5.79,6.79,N
2014.9.30,1,46048,17.435,14.41,21.817,0,4.209,8.83,Y
2014.10.1,23,41302,17.109,12.68,22.188,0,3.047,9.166,Y
2014.10.2,20,44079,18.218,13.052,24.463,0,1.876,10.307,Y
2014.10.3,20,48778,19.042,14.121,25.108,0,1.644,9.127,N
2014.10.4,20,51925,19.348,14.361,25.69,0,3.076,9.587,Y
2014.10.5,19,59549,18.957,13.884,24.854,0,1.522,10.163,N
2014.10.6,19,60138,18.846,14.847,22.929,0,6.966,3.683,N
2014.10.7,12,55401,19.407,16.025,24.706,0,4.913,6.781,N
2014.10.8,20,51457,18.634,14.067,24.438,0,1.197,9.941,N
2014.10.9,19,60359,17.734,13.652,23.159,0,2.844,9.281,N
2014.10.10,19,60972,17.292,12.469,22.786,0,4.823,7.445,N
2014.10.11,19,60099,16.606,12.779,21.91,0,3.776,6.203,N
2014.10.12,19,61169,14.805,10.771,20.047,0,0.468,10.649,N
2014.10.13,19,59780,15.262,9.172,22.092,0,1.429,10.557,N
2014.10.14,11,53632,16.445,11.299,23.599,0,4.53,7.731,N
2014.10.15,20,50815,16.796,12.115,23.249,0,2.861,7.305,N
2014.10.16,19,60196,15.658,10.783,22.425,0,1.094,10.5,N
2014.10.17,19,60814,17.452,10.987,23.778,0,4.059,9.171,N
2014.10.18,19,60257,14.032,9.296,18.715,0,4.808,5.625,N
2014.10.19,19,61039,12.003,6.599,17.942,0,0.08,10.553,N
2014.10.20,19,60020,14.403,8.935,20.846,0,1.095,9.848,N
2014.10.21,11,54174,15.278,9.987,21.472,0,4.204,6.33,N
2014.10.22,20,51456,17.601,12.605,24.569,0,3.206,8.496,N
2014.10.23,19,61429,15.084,10.963,19.768,37.061,8.91,0.814,N
2014.10.24,19,61622,11.549,7.247,16.348,0,2.009,10.115,N
2014.10.25,19,60965,12.985,8.096,18.902,0,5.621,5.552,N
2014.10.26,19,61308,14.949,10.438,21.225,0,2.711,7.605,N
2014.10.27,19,60371,16.274,10.75,23.026,0,2.85,9.053,N
2014.10.28,12,55277,15.549,13.79,17.496,49.656,9.774,0.016,N
2014.10.29,23,51516,15.754,11.762,20.47,0,2.415,9.707,N
2014.10.30,19,61144,13.219,8.736,18.723,0,4.098,8.395,N
2014.10.31,19,62115,10.655,6.865,14.752,0,2.697,8.97,N
2014.11.1,19,61481,8.584,4.448,13.587,0,3.972,8.009,N
2014.11.2,19,62758,7.501,4.436,11.663,0,1.032,9.783,N
2014.11.3,19,61775,7.805,2.626,13.814,0,0.875,9.888,N
2014.11.4,11,55191,10.003,3.45,17.157,0,1.362,9.425,N
2014.11.5,23,53038,12.007,8.498,15.747,4.921,8.825,0.86,N
2014.11.6,19,63267,10.489,8.424,14.04,0,7.497,3.937,N
2014.11.7,19,64981,9.201,7.036,11.946,0,8.394,3.143,N
2014.11.8,10,62448,9.917,6.186,14.414,0,4.176,6.72,N
2014.11.9,19,63379,10.491,6.626,14.85,0,6.231,2.812,N
2014.11.10,10,62933,11.234,6.641,16.828,0,2.368,8.059,N
2014.11.11,1,55606,12.773,9.752,15.978,0,6.557,6.158,N
2014.11.12,23,54242,10.587,6.332,14.198,22.589,8.356,1.715,N
2014.11.13,19,63856,9.289,7.135,12.359,0,6.65,4.939,N
2014.11.14,19,65071,7.274,3.964,11.366,0,5.397,6.672,N
2014.11.15,10,65597,4.476,1.917,8.234,0,3.559,7.942,N
2014.11.16,19,65600,5.632,1.293,11.347,0,0.383,9.598,N
2014.11.17,10,65817,6.609,1.666,10.652,6.821,6.837,1.766,N
2014.11.18,24,58325,7.219,3.846,10.538,5.397,5.187,6.54,N
2014.11.19,23,55874,5.301,1.146,10.687,0,0.705,9.568,N
2014.11.20,19,66846,5.588,1.285,11.379,0,4.025,6.412,N
2014.11.21,19,67583,3.67,-0.033,7.882,0,3.14,6.831,N
2014.11.22,10,67861,5.062,0.031,9.939,0,5.052,4.649,N
2014.11.23,10,66803,7.405,2.596,12.559,0,5.11,6.531,N
2014.11.24,10,66568,6.018,3.375,9.414,0,6.559,5.135,N
2014.11.25,24,59203,3.54,0.078,8.606,0,0.612,9.184,N
2014.11.26,24,56021,4.254,-0.645,9.176,1.638,6.428,5.38,N
2014.11.27,18,68602,3.702,0.443,7.489,3.982,5.056,6.468,N
2014.11.28,10,68958,2.784,-1.627,7.744,0,0.965,9.319,N
2014.11.29,10,68297,6.834,0.644,12.998,0,4.678,4.755,N
2014.11.30,11,69062,3.277,0.297,7.763,0,4.158,6.293,N
2014.12.1,10,68779,3.396,-0.92,8.712,0,4.608,5.578,N
2014.12.2,11,60745,1.389,-3.285,6.205,0,3.658,8.779,N
2014.12.3,24,57401,4.042,1.46,8.378,0,5.773,4.658,N
2014.12.4,11,70771,3.648,-0.058,8.354,0,7.546,1.455,N
2014.12.5,11,72034,-0.215,-2.537,3.135,0,1.674,8.772,N
2014.12.6,11,72502,-0.34,-3.195,4.645,7.371,7.216,2.486,N
2014.12.7,18,74704,-3.852,-7.263,-0.463,0,3.037,7.722,N
2014.12.8,11,75855,-1.985,-4.626,0.957,3.497,7.699,0.883,N
2014.12.9,12,64826,-4.468,-7.37,-1.223,0,3.031,7.23,N
2014.12.10,24,62638,-6.879,-10.155,-3.345,0,1.024,8.755,N
2014.12.11,11,76899,-5.267,-9.101,-0.826,0,0.272,9.113,N
2014.12.12,11,77512,-3.765,-7.862,1.668,0,1.322,8.912,N
2014.12.13,11,76900,-2.501,-6.856,2.981,0,0,8.991,N
2014.12.14,11,76104,0.263,-5.258,6.346,0,2.21,8.451,N
2014.12.15,11,75128,4.262,0.812,6.722,34.475,9.642,0,N
2014.12.16,11,63513,6.102,3.286,9.204,0,7.252,1.891,N
2014.12.17,24,59375,4.062,0.364,8.101,0,3.767,6.671,N
2014.12.18,11,72907,2.497,-1.067,6.111,0,4.372,4.188,N
2014.12.19,11,75672,-3.579,-6.141,-0.388,0,1.74,8.085,N
2014.12.20,19,67769,-4.42,-8.08,0.052,0,1.526,8.782,Y
2014.12.21,11,75304,-1.248,-6.122,3.806,0,2.582,8.045,Y
2014.12.22,11,75837,1.181,-0.721,2.654,7.059,9.146,0,N
2014.12.23,11,64515,-0.052,-3.125,2.67,0,4.701,4.924,N
2014.12.24,24,63306,-5.601,-9.681,-2.324,0,2.57,7.717,N
2014.12.25,11,75100,-6.5,-11.149,-1.988,0,1.66,9.074,N
2014.12.26,24,65874,-5.129,-9.902,-0.215,0,2.519,7.855,Y
2014.12.27,11,77717,-7.721,-11.869,-2.581,0,0.541,9.122,N
2014.12.28,11,77005,-3.271,-9.343,2.182,0,4.18,7.898,N
2014.12.29,11,73730,-0.097,-2.323,2.391,8.519,7.788,0.429,N
2014.12.30,12,63609,1.002,-1.702,3.688,2.852,8.205,0.707,N
2014.12.31,24,61819,-4.587,-8.081,1.125,2.621,4.247,6.828,N
2015.1.1,11,65266,-6.196,-9.925,-1.889,0,1.405,8.913,Y
2015.1.2,1,60178,-2.365,-7.334,3.125,0,6.522,5.032,Y
2015.1.3,18,73387,-6.861,-11.285,-1.121,0,1.802,8.825,Y
2015.1.4,11,78272,-9.888,-13.173,-5.629,0,0.925,8.777,N
2015.1.5,11,78035,-7.975,-12.865,-2.595,0,0.166,9.209,N
2015.1.6,1,68053,-4.911,-10.52,0.862,0,2.075,8.221,N
2015.1.7,1,64147,-3.472,-6.768,1.355,0,2.485,7.928,N
2015.1.8,11,76634,-2.85,-7.386,2.544,0,3.779,7.508,N
2015.1.9,11,76163,-2.308,-5.951,2.558,0,1.579,8.496,N
2015.1.10,11,76436,-5.592,-8.242,-2.336,0,1.049,8.981,N
2015.1.11,11,76511,-5.974,-10.148,-0.753,0,0.265,9.245,N
2015.1.12,11,76170,-2.491,-8.32,3.498,0,4.216,7.477,N
2015.1.13,1,65458,1.528,-2.62,7.045,0,4.075,6.013,N
2015.1.14,1,61334,0.809,-2.184,4.279,0,6.97,0.343,N
2015.1.15,11,74232,0.284,-3.139,5.211,0,0.722,6.189,N
2015.1.16,11,74097,-0.131,-4.382,4.987,0,3.361,6.377,N
2015.1.17,11,74087,-0.263,-3.82,3.632,0,5.692,3.91,N
2015.1.18,11,74588,-3.274,-5.958,0.169,0,3.03,6.067,N
2015.1.19,11,74668,-2.56,-7.749,2.997,0,1.175,9.329,N
2015.1.20,1,64737,1.071,-2.804,6.116,0,3.456,6.04,N
2015.1.21,1,61013,2.908,-1.914,7.209,0,7.198,3.027,N
2015.1.22,11,73045,4.368,3.229,5.766,19.318,10,0,N
2015.1.23,11,71408,4.405,2.977,6.376,1.313,9.614,0.018,N
2015.1.24,11,71739,2.965,1.927,4.696,0,9.582,0.072,N
2015.1.25,11,71712,0.762,-3.403,4.205,0,5.238,2.595,N
2015.1.26,11,74416,-5.124,-7.225,-1.851,0,0.848,9.356,N
2015.1.27,1,66011,-5.789,-8.889,-1.391,0,0.678,9.573,N
2015.1.28,1,63092,-4.841,-8.209,-1.041,0,1.545,8.564,N
2015.1.29,11,74689,-1.501,-7.317,3.681,0,3.365,6.748,N
2015.1.30,11,72947,3.077,-1.223,7.345,0,6.763,3.536,N
2015.1.31,11,70804,5.713,1.457,11.097,0,4.906,5.314,N
2015.2.1,11,69396,7.927,2.979,12.946,0,6.856,5.386,N
2015.2.2,11,68542,9.027,5.9,11.534,32.697,9.256,0,N
2015.2.3,24,62234,2.517,-1.974,7.496,0,1.861,9.328,N
2015.2.4,24,60333,-0.242,-3.831,2.251,5.04,7.543,1.304,N
2015.2.5,11,71551,1.787,-0.998,5.634,6.369,6.136,5.738,N
2015.2.6,11,73596,1.385,-1.816,4.282,3.884,8.606,0,N
2015.2.7,11,71848,0.908,-1.198,3.41,0,6.926,5.312,N
2015.2.8,11,74719,-7.01,-11.228,-0.3,0,3.188,8.008,N
2015.2.9,11,74604,-8.542,-13.484,-2.855,0,2.79,9.025,Y
2015.2.10,1,62468,-4.765,-9.478,0.304,0,2.94,9.472,Y
2015.2.11,1,54678,-1.73,-6.552,3.098,0,2.485,7.604,Y
2015.2.12,24,56338,-2.728,-7.309,2.346,0,2.108,9.677,Y
2015.2.13,11,64266,-1.569,-3.362,1.239,0.187,7.532,0.317,Y
2015.2.14,11,71969,-0.082,-5.017,5.127,0,2.86,9.576,Y
2015.2.15,11,71876,.,.,.,0,.,.,N
2015.2.16,11,70060,1.387,-3.238,5.42,0,2.696,9.474,N
2015.2.17,11,63952,-0.965,-5.846,4.927,0,1.427,10.001,N
2015.2.18,1,59718,2.771,-1.431,6.246,1.181,9.079,1.797,N
2015.2.19,11,71633,2.733,0.09,5.616,0,8.258,3.151,N
2015.2.20,11,71852,-0.413,-4.169,3.514,0,3.602,6.989,N
2015.2.21,11,72698,-2.196,-6.7,3.214,0,0.961,10.004,N
2015.2.22,11,72007,0.281,-3.776,5.325,0,2.806,9.349,N
2015.2.23,11,70930,2.026,-1.826,6.366,0,4.974,5.452,N
2015.2.24,11,62773,0.418,-3.796,4.856,0,0.32,10.239,N
2015.2.25,1,59503,2.571,-2.353,7.706,0,3.552,8.826,N
2015.2.26,11,69573,4.649,-0.615,10.634,0,4.728,7.654,N
2015.2.27,11,69769,6.072,2.887,9.401,0,8.469,0.3,N
2015.2.28,10,66995,6.539,2.721,12.836,0,3.37,8.666,N
2015.3.1,10,66417,8.955,0.979,16.616,0,4.345,8.115,N
2015.3.2,24,61944,4.024,-1.251,10.958,4.481,5.279,7.236,Y
2015.3.3,24,60310,0.537,-3.354,5.532,0,2.787,10.058,Y
2015.3.4,24,57720,2.093,-2.501,7.63,0,1.014,10.499,N
2015.3.5,11,69636,4.333,-0.859,10.759,0,2.152,8.103,N
2015.3.6,10,69193,5.501,-0.149,11.87,0,0,10.71,N
2015.3.7,10,68564,9.02,1.229,16.406,0,1.165,8.423,N
2015.3.8,11,66053,10.271,6.117,13.942,0,6.43,3.232,N
2015.3.9,10,66317,.,.,.,0,.,.,N
2015.3.10,11,57109,.,.,.,0,.,.,N
2015.3.11,23,55371,5.418,1.278,12.714,0,1.306,10.372,N
2015.3.12,11,66018,5.914,-0.993,13.728,0,0.296,10.816,N
2015.3.13,10,66043,9.639,2.418,15.115,0,4.934,6.073,N
2015.3.14,11,66661,7.078,2.325,12.253,15.082,8.244,2.47,N
2015.3.15,10,66393,4.991,1.525,10.34,0,4.495,8.201,N
2015.3.16,10,66756,.,.,.,0,.,.,N
2015.3.17,11,58914,.,.,.,0,.,.,N
2015.3.18,23,54636,9.636,3.672,17.244,14.376,6.773,6.42,N
2015.3.19,11,64048,10.2,7.403,14.811,15.937,6.503,6.428,N
2015.3.20,10,64290,10.965,6.78,15.353,0,6.424,5.382,N
2015.3.21,11,65913,6.183,-0.69,12.103,0,5.642,5.521,N
2015.3.22,10,67163,3.138,-3.153,9.439,0,0,11.296,N
2015.3.23,11,66946,5.736,1.591,10.495,0,5.276,2.962,N
2015.3.24,11,58538,7.645,1.385,14.438,0,3.387,10.101,N
2015.3.25,23,54616,.,.,.,0,.,.,N
2015.3.26,11,65733,.,.,.,0,.,.,N
2015.3.27,10,66110,6.225,-0.215,12.764,0,2.714,11.11,N
2015.3.28,10,64593,9.751,3.534,16.635,0,1.025,10.956,N
2015.3.29,10,63911,10.144,5.373,16.46,0,4.984,7.592,N
2015.3.30,10,63784,7.497,3.137,13.054,0,3.168,10.602,N
2015.3.31,11,56990,7.244,3.305,12.775,0,7.176,4.982,N
2015.4.1,23,54034,8.011,3.522,14.236,0,2.345,10.138,N
2015.4.2,11,63542,10.423,3.676,16.612,0,5.94,6.069,N
2015.4.3,10,64968,8.546,6.164,12.334,0,7.607,2.623,N
2015.4.4,10,63952,10.152,4.778,16.91,0,3.866,9.849,N
2015.4.5,10,62829,13.445,6.92,21.068,0,2.765,9.697,N
2015.4.6,11,60613,14.593,8.712,20.316,0,6.718,4.417,N
2015.4.7,11,57271,8.834,3.498,13.68,24.979,10,0,N
2015.4.8,23,54513,5.715,2.581,10.65,3.271,4.507,8.746,N
2015.4.9,11,63288,8.929,2.078,15.826,0,3.668,9.421,N
2015.4.10,20,64113,8.324,4.551,13.35,0,2.911,10.82,N
2015.4.11,11,64136,5.849,2.099,9.606,0,3.657,9.488,N
2015.4.12,11,64129,7.117,3.217,12.071,0,2.897,11.059,N
2015.4.13,10,64188,7.886,2.823,13.205,0,0.784,11.818,N
2015.4.14,1,56388,12.159,3.467,18.816,0,1.464,10.962,N
2015.4.15,23,53801,11.172,5.596,16.02,1.882,3.156,8.546,N
2015.4.16,11,63910,8.892,2.995,14.295,0,3.7,5.087,N
2015.4.17,11,61620,15.775,8.881,22.418,0,6.694,6.059,N
2015.4.18,11,62211,14.02,10.897,19.739,0,7.791,4.918,N
2015.4.19,11,61763,12.788,8.537,18.084,0,5.077,7.364,N
2015.4.20,11,61328,10.364,5.644,15.618,0,4.456,10.529,N
2015.4.21,11,58632,6.408,4.31,9.734,9.349,9.572,0.04,N
2015.4.22,23,53240,9.619,4.41,15.721,0,3.056,10.613,N
2015.4.23,11,60918,12.303,5.291,18.832,0,3.156,11.045,N
2015.4.24,11,63388,11.405,9.76,14.191,19.381,9.904,0,N
2015.4.25,10,61068,14.082,9.542,19.98,2.995,3.806,10.741,N
2015.4.26,20,61265,11.145,8.464,15.896,0,6.043,5.225,N
2015.4.27,11,60683,12.56,7.486,17.908,0,1.597,11.897,N
2015.4.28,23,54227,12.915,7.844,19.34,0,3.437,9.026,N
2015.4.29,23,51388,16.343,9.6,22.438,0,5.113,7.732,N
2015.4.30,11,61813,14.769,10.353,18.513,11.624,6.549,3.416,N
2015.5.1,11,59691,14.083,8.11,20.75,0,2.704,10.034,N
2015.5.2,21,54414,12.86,8.624,18.207,0,4.264,9.291,Y
2015.5.3,20,59540,13.06,9.166,17.962,0,4.543,9.501,Y
2015.5.4,11,59607,13.253,8.681,19.15,0,5.233,7.467,N
2015.5.5,11,53078,14.696,10.051,20.755,0,2.191,11.493,N
2015.5.6,23,50701,15.966,9.746,23.194,0,0,12.522,Y
2015.5.7,20,58884,17.034,10.16,24.701,0,0.15,11.762,Y
2015.5.8,11,60703,17.786,11.741,24.831,0,0.622,11.264,N
2015.5.9,11,59535,18.958,11.557,26.214,0,2.597,11.962,N
2015.5.10,15,60305,18.687,14.177,23.826,2.662,8.735,3.55,N
2015.5.11,11,61483,15.537,12.458,18.669,20.126,9.033,1.544,N
2015.5.12,11,53981,18.726,12.489,25.561,0,2.693,10.981,N
2015.5.13,21,50803,20.315,15.431,24.985,0,2.53,9.184,N
2015.5.14,17,61498,21.744,16.871,27.479,0,1.24,11.617,N
2015.5.15,17,61406,20.76,15.08,26.731,0,4.63,9.26,N
2015.5.16,15,62095,20.117,15.944,25.523,0,5.482,10.499,N
2015.5.17,15,61486,19.557,14.978,24.83,0,2.723,9.963,N
2015.5.18,21,54375,18.772,14.015,25.021,0,4.894,11.666,Y
2015.5.19,21,52409,18.387,12.988,23.572,6.672,8.313,4.281,Y
2015.5.20,21,50510,17.01,14.916,20.69,21.301,8.928,0.796,N
2015.5.21,15,60308,16.521,13.572,20.806,0,5.598,5.698,N
2015.5.22,15,60642,18.763,11.53,25.696,0,0.561,12.745,N
2015.5.23,15,62167,21.014,14.438,27.82,0,2.322,8.311,N
2015.5.24,15,63228,22.528,16.168,29.58,0,0.13,11.733,N
2015.5.25,15,63283,22.463,16.352,29.506,0,0.892,11.581,N
2015.5.26,15,57235,23.369,17.411,30.331,0,4.752,10.364,N
2015.5.27,21,51893,23.157,18.807,28.079,0,8.458,5.226,N
2015.5.28,17,62576,19.977,17.962,23.121,45.805,10,0.026,N
2015.5.29,15,63053,19.436,17.817,21.693,28.018,9.747,0.149,N
2015.5.30,15,62092,17.964,16.277,20.388,0,9.464,1.055,N
2015.5.31,15,61751,20.244,15.471,26.228,0,4.052,10.896,N
2015.6.1,15,61682,20.85,15.222,26.682,0,6.869,7.079,N
2015.6.2,12,55147,20.896,17.456,25.737,0,6.634,4.78,N
2015.6.3,21,51685,22.174,15.806,28.8,0,1.764,12.65,N
2015.6.4,15,63117,21.521,16.999,27.483,0,1.285,11.213,N
2015.6.5,15,65054,23.181,17.611,28.939,0,1.797,10.493,N
2015.6.6,15,66712,24.407,18.9,30.156,0,2.789,10.304,N
2015.6.7,15,60629,23.908,19.735,29.748,0,3.779,9.978,Y
2015.6.8,15,66363,24.144,19.963,29.364,0,3.182,10.68,Y
2015.6.9,12,58336,24.26,19.578,29.05,0,7.619,4.977,N
2015.6.10,21,53063,24.674,20.763,29.444,0,4.529,8.409,N
2015.6.11,15,67058,25.069,20.157,29.504,0,4.342,10.199,N
2015.6.12,15,65853,22.683,20.423,25.95,4.777,9.325,0.383,N
2015.6.13,15,64796,21.256,19.818,23.572,3.64,9.646,0.639,N
2015.6.14,15,66230,23.005,19.62,26.897,0,9.315,2.633,N
2015.6.15,15,66418,23.281,20.906,27.041,0,8.224,3.243,N
2015.6.16,15,60416,24.787,21.05,29.458,0,4.929,10.274,N
2015.6.17,21,53713,23.811,20.548,28.915,0,4.675,9.836,N
2015.6.18,15,67008,23.902,20.671,27.912,0,8.308,5.281,N
2015.6.19,15,66928,22.901,21.75,24.433,22.704,10,0.013,N
2015.6.20,17,67150,24.047,20.792,28.664,27.26,7.712,5.895,N
2015.6.21,15,68611,25.388,21.325,30.554,0,6.68,7.183,N
2015.6.22,15,68669,25.194,22.304,29.449,0,7.747,4.054,N
2015.6.23,12,60662,24.349,21.579,28.91,0,8.278,5.323,N
2015.6.24,21,52868,22.27,20.431,25.549,2.441,8.946,2.987,N
2015.6.25,15,67204,23.681,19.527,28.733,0,6.015,8.566,N
2015.6.26,15,67823,23.731,20.718,28.35,0,8.903,2.863,N
2015.6.27,15,67868,23.937,20.274,29.192,4.749,6.279,8.295,N
2015.6.28,15,68443,24.377,20.414,29.865,0,6.308,6.57,N
2015.6.29,15,68437,24.908,21.277,29.761,0,6.094,8.993,N
2015.6.30,15,60891,26.059,20.965,31.399,0,2.008,10.257,N
2015.7.1,21,55874,26.572,22.178,31.377,0,3.438,8.783,N
2015.7.2,17,68898,26.586,23.004,30.958,0,6.536,6.902,N
2015.7.3,15,69429,25.453,22.729,28.755,23.396,9.499,0.286,N
2015.7.4,15,69188,25.377,22.192,29.407,0,7.714,7.157,N
2015.7.5,15,69095,24.88,22.882,27.339,37.068,9.895,0.013,N
2015.7.6,15,67990,24.273,22.224,26.841,49.634,8.864,2.941,N
2015.7.7,15,61296,25.265,21.977,30.033,0,6.475,6.544,N
2015.7.8,21,55768,24.534,22.695,27.319,12.909,8.94,1.191,N
2015.7.9,15,68774,25.787,23.579,28.438,0,9.225,2.976,N
2015.7.10,15,69598,26.276,24.635,29.181,0,8.178,4.365,N
2015.7.11,15,70536,26.879,24.743,29.434,0,6.803,7.078,N
2015.7.12,15,71365,26.544,24.314,29.305,0,6.655,6.649,N
2015.7.13,15,69658,25.954,24.05,28.162,0,8.166,3.486,N
2015.7.14,12,62604,26.58,24.342,29.422,0,8.83,3.806,N
2015.7.15,21,56493,25.954,24.038,28.969,0,8.933,2.402,N
2015.7.16,15,71051,27.109,24.234,30.607,0,7.952,4.088,N
2015.7.17,15,71518,27.62,24.58,30.776,0,6.358,7.888,N
2015.7.18,15,70134,26.177,24.817,28.302,0,7.829,3.208,N
2015.7.19,15,71244,26.758,24.429,30.508,0,7.115,6.776,N
2015.7.20,15,73269,27.36,23.329,31.469,0,5.253,9.33,N
2015.7.21,12,64429,27.995,25.402,31.907,0,6.015,8.041,N
2015.7.22,21,59279,27.586,25.628,30.357,0,7.448,4.799,N
2015.7.23,15,73857,27.889,25.332,31.758,0,8.072,5.645,N
2015.7.24,15,71888,26.404,25.222,27.861,0,9.244,0.22,N
2015.7.25,15,71640,25.86,23.968,28.913,8.312,7.492,4.416,N
2015.7.26,15,72480,26.564,23.311,31.102,0,5.741,9.261,N
2015.7.27,15,73038,27.301,23.61,32.084,0,3.354,10.112,N
2015.7.28,12,62680,27.084,23.737,31.779,0,7.207,5.883,N
2015.7.29,21,58162,26.385,23.908,28.739,9.148,9.93,0.488,N
2015.7.30,15,68653,27.311,24.774,31.019,0,7.111,5.784,N
2015.7.31,15,67913,26.662,23.901,31.107,0,7.815,5.036,N
2015.8.1,15,65735,27.375,25.139,30.306,0,7.781,5.919,N
2015.8.2,15,63944,28.076,24.929,32.573,0,7.444,6.755,N
2015.8.3,15,62663,27.759,25.414,30.988,0,8.099,4.263,N
2015.8.4,14,59224,28.188,25.792,32.127,8.687,8.174,5.421,N
2015.8.5,21,58785,28.063,25.825,32.176,0,7.705,6.037,N
2015.8.6,15,72279,28.186,25.319,31.831,0,6.176,6.988,N
2015.8.7,15,73157,27.606,23.967,31.509,0,5.33,6.898,N
2015.8.8,15,76196,29.178,25.02,33.708,0,5.614,6.08,N
2015.8.9,15,78342,29.746,26.911,33.635,0,4.76,8.605,N
2015.8.10,15,79219,29.747,26.833,33.079,0,5.014,6.665,N
2015.8.11,12,67395,28.85,25.573,32.627,0,4.46,6.656,N
2015.8.12,21,62835,29.573,25.643,34.078,0,3.387,10.26,N
2015.8.13,15,80366,29.657,26.404,33.827,0,3.241,11.39,N
2015.8.14,15,78600,29.087,25.603,33.632,0,2.903,11.849,N
2015.8.15,15,78528,28.987,25.825,33.156,0,2.938,11.015,N
2015.8.16,15,69070,29.19,25.553,33.602,0,4.187,10.526,Y
2015.8.17,15,78753,29.244,25.715,33.511,0,5.05,9.99,Y
2015.8.18,15,67088,29.209,26.248,33.024,0,4.57,9.813,N
2015.8.19,21,62658,29.357,26.066,33.665,0,5.384,7.775,N
2015.8.20,15,80048,29.442,26.21,34.259,0,4.36,10.19,N
2015.8.21,15,79106,28.579,24.274,33.589,0,3.31,10.835,N
2015.8.22,15,78748,29.038,24.786,33.967,0,4.518,9.7,N
2015.8.23,15,79700,29.069,26.365,33.18,0.952,7.127,6.305,N
2015.8.24,15,74315,25.963,24.24,28.794,39.584,9.093,0.565,N
2015.8.25,12,62976,25.397,22.328,28.838,0,6.608,5.032,N
2015.8.26,20,56313,26.445,22.099,31.633,0,5.113,10.049,N
2015.8.27,15,73611,26.443,22.808,31.249,0,2.945,10.22,N
2015.8.28,15,73637,26.273,22.274,30.957,0,3.012,11.128,N
2015.8.29,15,73588,26.781,22.857,31.427,0,3.77,9.685,N
2015.8.30,15,73615,26.235,23.799,29.421,25.948,8.86,2.893,N
2015.8.31,15,72031,25.329,22.684,28.671,0,7.291,6.293,N
2015.9.1,15,59652,24.05,20.696,28.419,0,5.922,7.517,N
2015.9.2,20,54205,23.898,20.296,28.765,0,4.298,10.259,N
2015.9.3,15,65237,23.184,18.728,28.159,0,3.616,10.392,N
2015.9.4,11,63503,21.611,18.173,25.403,0,4.999,5.981,N
2015.9.5,17,64271,22.089,16.99,27.808,0,2.186,11.258,N
2015.9.6,15,63316,21.38,17.947,24.801,0,7.876,2.715,N
2015.9.7,11,62748,20.188,18.662,22.07,2.762,9.8,0,N
2015.9.8,15,57328,21.399,18.247,25.751,0,6.861,5.661,N
2015.9.9,20,53100,22.793,18.219,28.253,0,4.555,9.769,N
2015.9.10,15,65076,23.153,18.987,27.702,0,5.948,6.319,N
2015.9.11,15,65472,23.272,19.724,27.278,0,8.067,3.344,N
2015.9.12,17,65984,22.458,20.686,24.715,0,9.22,1.645,N
2015.9.13,17,66185,23.156,21.11,25.931,0,9.737,0.635,N
2015.9.14,15,67683,24.505,21.425,28.014,0,7.817,3.845,N
2015.9.15,12,61079,23.41,21.512,26.334,22.58,8.63,2.391,N
2015.9.16,20,55430,23.826,20.078,29.119,0,2.138,9.619,N
2015.9.17,15,62807,21.719,16.768,27.674,0,0.286,11.749,Y
2015.9.18,11,60304,22.64,16.798,29.156,0,0.272,10.471,Y
2015.9.19,20,47743,24.236,18.043,30.689,0,0.4,10.722,Y
2015.9.20,20,44096,24.416,20.13,29.73,0,0.581,10.904,Y
2015.9.21,20,47292,23.829,19.543,29.183,0,2.993,9.339,Y
2015.9.22,20,50921,24.35,19.963,29.503,0,4.184,8.559,Y
2015.9.23,20,52615,23.607,20.538,28.498,0,6.392,7.692,Y
2015.9.24,15,64913,23.82,19.242,29.018,0,4.362,10.267,N
2015.9.25,15,65766,22.862,19.887,26.258,0,7.925,3.181,N
2015.9.26,15,63063,20.135,16.667,24.831,0,6.111,7.096,N
2015.9.27,20,61669,18.126,13.785,23.487,0,1.198,10.324,N
2015.9.28,15,61228,18.755,12.335,24.837,0,3.51,10.647,N
2015.9.29,11,56658,19.224,16.603,22.338,0,9.465,0.873,N
2015.9.30,20,52703,19.485,17.697,21.586,18.598,9.804,0.036,N
2015.10.1,17,62757,21.462,19.196,25.507,4.915,6.587,4.404,N
2015.10.2,17,64073,22.038,18.327,27.652,0,.,7.476,N
2015.10.3,11,62692,20.026,15.958,24.032,0,.,4.674,N
2015.10.4,20,57769,17.272,12.368,22.782,0,.,10.33,Y
2015.10.5,19,61274,18.009,11.44,25.454,0,.,11.078,Y
2015.10.6,12,55562,20.119,13.716,26.786,0,.,8.396,N
2015.10.7,20,53018,21.54,17.933,25.266,1.289,.,2.887,N
2015.10.8,19,65673,23.674,20.65,27.971,0,.,3.199,N
2015.10.9,15,64473,20.822,18.671,22.78,26.031,.,0,N
2015.10.10,15,59793,20.736,17.332,25.27,0,.,5.89,N
2015.10.11,19,64113,21.097,17.594,24.954,0,.,3.191,N
2015.10.12,11,62123,19.248,14.453,23.273,0,.,9.352,N
2015.10.13,12,54511,16.669,11.712,22.276,0,.,10.823,N
2015.10.14,20,51524,17.567,11.75,24.261,0,.,10.054,N
2015.10.15,19,62727,18.911,13.491,25.517,0,.,10.238,N
2015.10.16,19,62561,14.74,10.437,20.206,0,.,3.303,N
2015.10.17,19,61551,12.073,7.774,17.447,0,.,10.375,N
2015.10.18,19,62469,12.79,7.442,18.997,0,.,8.834,N
2015.10.19,19,62120,14.53,9.006,21.13,0,.,9.409,N
2015.10.20,11,55580,15.589,10.786,21.034,0,.,5.756,N
2015.10.21,20,51494,17.221,12.644,23.442,0,.,8.9,N
2015.10.22,19,62148,16.432,12.193,22.319,0,.,8.414,N
2015.10.23,19,62873,16.345,11.934,21.911,0,.,7.903,N
2015.10.24,19,62183,16.85,12.684,22.685,0,.,9.211,N
2015.10.25,19,62838,14.775,10.421,20.244,0,.,7.35,N
2015.10.26,19,62426,11.389,7.361,16.871,0,.,9.586,N
2015.10.27,11,54850,11.141,6.065,16.97,0,.,9.88,N
2015.10.28,20,51814,11.85,5.905,18.854,0,.,9.826,N
2015.10.29,19,63113,12.258,6.981,18.353,0,.,7.163,N
2015.10.30,19,63882,13.474,8.5,18.97,0,.,6.133,N
2015.10.31,19,62835,12.566,8.688,18.244,0,.,9.213,N
2015.11.1,19,63286,13.259,8.018,20.142,0,.,7.511,N
2015.11.2,19,61061,15.677,10.224,21.96,0,.,8.273,N
2015.11.3,11,55594,14.423,11.246,18.185,0,.,2.26,N
2015.11.4,23,52322,13.933,10.752,18.557,0,.,3.612,N
2015.11.5,19,62622,13.376,10.022,18.357,0,.,7.846,N
2015.11.6,19,62646,13.052,8.107,19.695,0,.,9.336,N
2015.11.7,17,62652,13.157,9.516,17.667,1.724,.,1.547,N
2015.11.8,19,62700,13.535,9.032,18.368,0,.,8.826,N
2015.11.9,19,62757,10.528,5.529,16.171,0,.,8.173,N
2015.11.10,11,55988,12.801,9.782,16.332,14.413,.,0.974,N
2015.11.11,23,54186,8.782,4.094,15.077,0.81,.,8.406,N
2015.11.12,19,65800,4.926,1.561,9.359,0,.,9.517,N
2015.11.13,19,66383,5.069,0.622,10.305,0,.,9.211,N
2015.11.14,10,66163,6.229,0.516,12.696,0,.,9.352,N
2015.11.15,11,67070,7.448,3.252,11.506,0.897,.,2.316,N
2015.11.16,10,65669,9.383,6.018,14.819,0,.,6.221,N
2015.11.17,11,58992,8.53,3.42,14.516,0,.,7.536,N
2015.11.18,23,56020,7.245,3.476,10.601,1.242,.,7.371,N
2015.11.19,18,70080,2.975,0.65,6.343,0,.,7.416,N
2015.11.20,11,70549,3.425,0.651,6.37,0,.,6.856,N
2015.11.21,10,69848,3.473,0.286,7.773,0,.,8.484,N
2015.11.22,10,69393,4.189,-0.22,9.362,0,.,8.579,N
2015.11.23,10,68915,5.861,0.887,11.662,0,.,8.274,N
2015.11.24,11,60454,7.583,2.83,13.3,0,.,8.016,N
2015.11.25,1,56223,9.164,4.662,13.197,13.948,.,3.737,N
2015.11.26,18,69072,7.117,2.879,12.298,11.131,.,2.797,N
2015.11.27,10,69865,3.98,0.033,8.079,0,.,6.787,N
2015.11.28,11,71227,2.144,-2.182,6.393,4.355,.,2.482,N
2015.11.29,18,72715,-1.47,-3.996,1.662,0,.,7.278,N
2015.11.30,10,72476,1.349,-2.825,6.142,0,.,8.823,N
2015.12.1,11,62205,5.013,-0.627,10.889,0,.,7.787,N
2015.12.2,24,57787,5.597,1.916,10.795,0,.,7.329,N
2015.12.3,11,69937,5.025,0.463,9.224,0,.,5.033,N
2015.12.4,10,69646,6.683,3.449,11.029,0,.,7.664,N
2015.12.5,10,70236,6.16,2.058,11.46,0,.,7.789,N
2015.12.6,10,69982,6.256,1.816,10.368,0,.,2.313,N
2015.12.7,10,69939,4.888,1.465,9.393,0,.,8.941,N
2015.12.8,11,61448,5.977,2.158,11.326,0,.,7.156,N
2015.12.9,1,57698,5.961,2.331,10.65,0,.,5.409,N
2015.12.10,11,71038,6.023,3.459,8.72,10.361,.,0.062,N
2015.12.11,10,70916,2.707,0.598,6.09,0,.,7.355,N
2015.12.12,11,71720,0.687,-1.714,3.219,0,.,6.146,N
2015.12.13,10,72893,0.627,-3.779,4.484,0,.,5.102,N
2015.12.14,11,73955,-2.839,-5.49,0.848,0,.,7.901,N
2015.12.15,11,64749,-0.943,-5.482,3.593,0,.,6.581,N
2015.12.16,24,60923,-1.199,-4.497,3.418,0,.,8.958,N
2015.12.17,11,75803,-0.689,-4.627,3.094,0,.,1.004,N
2015.12.18,11,75103,2.449,-1.632,6.429,0,.,2.11,N
2015.12.19,10,72982,4.452,1.912,8.458,0,.,4.367,N
2015.12.20,11,74113,-0.636,-3.497,2.319,0,.,6.48,N
2015.12.21,11,74954,-1.354,-4.911,2.169,0.545,.,5.989,N
2015.12.22,11,65483,-0.489,-3.617,4.148,0,.,8.389,N
2015.12.23,1,61221,-0.064,-4.61,5.101,0,.,7.931,N
2015.12.24,11,73648,0.943,-2.1,5.138,0,.,7.993,N
2015.12.25,10,74518,0.507,-4.132,6.567,0,.,8.129,Y
2015.12.26,1,63595,2.016,-2.877,6.92,0,.,6.552,Y
2015.12.27,11,73938,1.702,-1.28,5.007,0,.,0.552,Y
2015.12.28,10,74708,-3.234,-5.671,0.327,0,.,8.269,N
2015.12.29,11,65495,-3.827,-7.173,0.346,0,.,8.767,N
2015.12.30,1,61809,-1.325,-5.966,3.148,0,.,7.75,N
2015.12.31,11,71420,3.112,-1.094,7.452,0,.,6.257,N
